,City,Country,Date,Lat,Lng,Max Temp,Cloudiness,Humidity,Wind Speed
0,Tasiilaq,GL,1538869800,65.61,-37.64,37.4,88,51,34.45
1,Puerto Ayora,EC,1538870400,-0.74,-90.35,73.4,0,69,16.11
2,Kapaa,US,1538870160,22.08,-159.32,84.92,75,65,6.93
3,Hilo,US,1538870160,19.71,-155.08,82.94,1,67,9.17
4,Yellowknife,CA,1538870400,62.45,-114.38,28.4,75,63,12.75
5,Zhangye,CN,1538872397,38.94,100.46,26.96,0,70,4.5
6,Faya,SA,1538870400,18.39,42.45,62.6,0,26,4.83
7,Ushuaia,AR,1538870400,-54.81,-68.31,48.2,75,45,11.41
8,Saint-Pierre,FR,1538870400,48.95,4.24,59.0,0,93,8.05
9,Punta Arenas,CL,1538870400,-53.16,-70.91,44.6,75,70,24.16
10,Londonderry,US,1538871360,42.87,-71.37,60.08,90,80,5.82
11,New Norfolk,AU,1538870400,-42.78,147.06,60.8,20,55,3.36
12,Cherskiy,RU,1538872616,68.75,161.3,35.78,92,87,5.84
13,Atuona,PF,1538872335,-9.8,-139.03,78.89,20,100,8.52
14,Mahebourg,MU,1538866800,-20.41,57.7,69.8,20,88,5.82
15,Lavrentiya,RU,1538872625,65.58,-170.99,45.23,92,90,16.69
16,Itatiaia,BR,1538872628,-22.5,-44.56,60.08,92,100,1.59
17,Lasem,ID,1538866800,-6.99,112.52,73.4,0,94,3.36
18,Maragogi,BR,1538872635,-9.01,-35.22,75.47,92,87,6.85
19,Bluff,AU,1538872383,-23.58,149.07,79.07,0,55,6.96
20,Spearfish,US,1538871300,44.49,-103.86,50.0,90,57,13.87
21,Busselton,AU,1538872372,-33.64,115.35,57.83,48,100,16.91
22,Albany,US,1538870820,42.65,-73.75,62.96,90,90,14.99
23,Bredasdorp,ZA,1538870400,-34.53,20.04,66.2,92,82,12.75
24,Lagoa,PT,1538870400,37.14,-8.45,69.8,0,68,3.36
25,Cidreira,BR,1538872467,-30.17,-50.22,60.8,8,78,16.24
26,Alice Springs,AU,1538870400,-23.7,133.88,87.8,0,14,9.17
27,Kodiak,US,1538869980,39.95,-94.76,50.0,90,100,9.17
28,Chapais,CA,1538870400,49.78,-74.86,33.8,90,100,3.71
29,Eureka,US,1538870100,40.8,-124.16,60.98,1,69,16.11
30,Nikolskoye,RU,1538870400,59.7,30.79,46.4,40,87,4.47
31,Labuhan,ID,1538872679,-2.54,115.51,75.2,64,95,1.25
32,Sept-Iles,CA,1538870400,50.2,-66.38,35.6,90,67,3.36
33,Spornoye,RU,1538870400,50.84,37.29,46.4,0,70,8.95
34,Marsh Harbour,BS,1538872513,26.54,-77.06,81.86,36,100,16.46
35,Mataura,NZ,1538872691,-46.19,168.86,47.93,64,100,10.54
36,Shakawe,BW,1538872694,-18.36,21.84,64.31,0,33,8.75
37,Hobart,AU,1538870400,-42.88,147.33,60.8,20,55,3.36
38,Kindu,CD,1538872701,-2.95,25.92,71.33,64,96,2.37
39,Rikitea,PF,1538872704,-23.12,-134.97,70.07,92,100,19.48
40,Saint George,GR,1538869800,39.45,22.34,53.6,20,87,3.36
41,Georgetown,GY,1538866800,6.8,-58.16,80.6,0,83,6.93
42,Tilichiki,RU,1538872714,60.47,166.1,48.02,8,71,11.43
43,Nelson Bay,AU,1538870400,-32.72,152.14,62.6,90,67,11.41
44,Rumphi,MW,1538872721,-11.02,33.86,53.6,0,91,3.15
45,Urucara,BR,1538872724,-2.54,-57.76,84.47,8,69,2.37
46,Lompoc,US,1538870160,34.64,-120.46,71.06,20,72,19.46
47,Jamestown,AU,1538872719,-33.21,138.6,72.95,20,34,10.2
48,Saint-Philippe,CA,1538872500,45.36,-73.48,61.7,90,88,9.17
49,Oranjestad,AW,1538870400,12.52,-70.03,84.2,20,79,11.41
50,Touros,BR,1538872740,-5.2,-35.46,77.81,92,88,15.35
51,Mogadishu,SO,1538872743,2.04,45.34,78.62,80,99,16.69
52,Turka,UA,1538872746,49.16,23.03,54.95,0,62,8.08
53,Klaksvik,FO,1538871600,62.23,-6.59,42.8,92,87,17.22
54,Kahului,US,1538870160,20.89,-156.47,91.04,40,55,21.92
55,Solnechnyy,RU,1538872756,50.72,136.64,46.58,80,71,3.83
56,Cayenne,GF,1538870400,4.94,-52.33,77.0,0,100,3.36
57,Port Alfred,ZA,1538872762,-33.59,26.89,67.73,88,93,12.21
58,Guatire,VE,1538872768,10.47,-66.54,75.38,36,90,2.04
59,Saldanha,PT,1538872771,41.42,-6.55,45.5,0,71,7.4
60,Tyukalinsk,RU,1538872775,55.87,72.2,46.22,20,70,11.99
61,Bulolo,PG,1538872778,-7.2,146.64,70.61,36,81,2.04
62,Vaini,IN,1538872781,15.34,74.49,71.24,36,88,4.94
63,Ponta do Sol,BR,1538872743,-20.63,-46.0,64.22,92,99,4.16
64,East London,ZA,1538872787,-33.02,27.91,69.08,68,100,16.58
65,Nanortalik,GL,1538872790,60.14,-45.24,37.58,92,98,15.01
66,Port Lincoln,AU,1538872794,-34.72,135.86,63.23,36,85,7.63
67,Berlevag,NO,1538872797,70.86,29.09,34.88,36,100,12.1
68,Isangel,VU,1538872800,-19.55,169.27,74.3,0,100,9.19
69,Bull Savanna,JM,1538872803,17.89,-77.59,74.03,92,92,3.27
70,Kimbe,PG,1538872812,-5.56,150.15,82.22,8,98,8.97
71,Salalah,OM,1538869800,17.01,54.1,71.6,0,60,2.24
72,Deputatskiy,RU,1538872819,69.3,139.9,17.96,56,92,3.6
73,Along,IN,1538872822,28.17,94.8,61.25,36,69,2.37
74,Tuatapere,NZ,1538872756,-46.13,167.69,47.48,68,100,10.31
75,Dawlatabad,AF,1538872831,36.41,64.91,55.58,88,82,8.3
76,Vila Franca do Campo,PT,1538870400,37.72,-25.43,69.8,20,88,10.29
77,Nome,US,1538871300,30.04,-94.42,82.04,1,85,3.36
78,Upernavik,GL,1538872844,72.79,-56.15,31.55,92,100,13.33
79,Severo-Kurilsk,RU,1538872850,50.68,156.12,47.57,56,88,16.02
80,Lebu,ET,1538872853,8.96,38.73,48.47,0,54,4.94
81,Barguzin,RU,1538872856,53.62,109.63,19.58,48,84,0.58
82,Mao,DO,1538870400,19.55,-71.08,73.4,90,100,6.93
83,Hambantota,LK,1538872863,6.12,81.12,78.98,68,100,7.4
84,Zhigansk,RU,1538872869,66.77,123.37,25.79,56,94,6.62
85,Rome,IT,1538870100,41.89,12.48,66.2,75,100,10.29
86,Fukue,JP,1538870400,35.03,136.69,75.2,75,78,16.11
87,Hermanus,ZA,1538872878,-34.42,19.24,56.66,12,93,6.62
88,Namtsy,RU,1538872881,62.72,129.66,25.79,0,80,3.15
89,Reina Mercedes,PH,1538872884,16.98,121.83,73.58,76,100,2.71
90,Celestun,MX,1538872888,20.87,-90.4,84.2,32,94,21.5
91,Coihaique,CL,1538870400,-45.58,-72.07,46.4,75,70,2.24
92,Nahrin,AF,1538872897,36.06,69.13,41.0,0,80,2.26
93,Esso,RU,1538872900,55.93,158.7,34.43,64,72,4.61
94,Faanui,PF,1538872719,-16.48,-151.75,79.52,0,100,10.76
95,Fort Nelson,CA,1538870400,58.81,-122.69,32.0,75,63,8.05
96,Lorengau,PG,1538872768,-2.02,147.27,80.6,80,100,7.18
97,Lata,IN,1538872919,30.78,78.62,42.44,0,80,2.59
98,Airai,TL,1538872922,-8.93,125.41,81.5,0,31,2.26
99,Brigantine,US,1538871660,39.41,-74.36,71.06,90,86,5.82
100,Riyadh,SA,1538870400,24.63,46.72,75.2,0,16,3.15
101,Sur,OM,1538872931,22.57,59.53,83.12,0,92,3.71
102,Kihei,US,1538870160,20.76,-156.45,91.04,40,55,21.92
103,Yabelo,ET,1538872938,4.89,38.09,58.91,0,91,3.71
104,Apiai,BR,1538872941,-24.51,-48.84,58.01,92,94,2.37
105,Zabol,IR,1538870400,31.03,61.49,64.4,36,52,38.03
106,Monrovia,LR,1538870400,6.33,-10.8,77.0,75,94,3.36
107,Longyearbyen,NO,1538869800,78.22,15.63,24.8,75,85,3.36
108,Geraldton,CA,1538870400,49.72,-86.95,32.0,20,91,5.82
109,La Crosse,US,1538872500,43.8,-91.24,48.92,90,89,4.7
110,Harnosand,SE,1538871600,62.63,17.94,32.0,0,100,1.12
111,Baymak,RU,1538872969,52.6,58.31,31.37,36,86,9.64
112,Suileng,CN,1538872972,47.25,127.08,39.38,0,84,4.38
113,Torbay,CA,1538870400,47.66,-52.73,41.0,5,80,5.82
114,Sola,NO,1538871600,58.89,5.65,42.8,75,81,3.36
115,Diapaga,BF,1538872985,12.07,1.79,72.95,0,88,3.04
116,Bethel,US,1538869980,60.79,-161.76,53.06,90,79,8.05
117,Iqaluit,CA,1538870400,63.75,-68.52,26.6,90,68,21.92
118,Naze,NG,1538872995,5.43,7.07,75.29,88,96,4.5
119,Butaritari,KI,1538872998,3.07,172.79,84.2,20,100,5.61
120,Qaanaaq,GL,1538872791,77.48,-69.36,15.89,12,100,11.77
121,Arraial do Cabo,BR,1538872745,-22.97,-42.02,67.28,92,100,15.79
122,Christchurch,NZ,1538870400,-43.53,172.64,59.0,0,62,3.36
123,Avarua,CK,1538873010,-21.21,-159.78,74.48,0,100,8.3
124,Grand Gaube,MU,1538866800,-20.01,57.66,69.8,20,88,5.82
125,Port Blair,IN,1538873017,11.67,92.75,81.23,76,100,17.36
126,Wanning,AT,1538871600,48.64,13.53,53.6,90,87,3.36
127,Saskylakh,RU,1538872751,71.97,114.09,36.86,92,94,4.61
128,Thompson,CA,1538870400,55.74,-97.86,32.0,90,95,10.29
129,Tautira,PF,1538870400,-17.73,-149.15,82.4,75,61,9.17
130,Durango,US,1538869980,37.28,-107.88,68.0,40,39,3.36
131,Mar del Plata,AR,1538872947,-46.43,-67.52,61.43,36,38,16.24
132,Flinders,AU,1538872200,-34.58,150.85,57.2,90,100,16.11
133,Kathu,ZA,1538873048,-27.7,23.05,51.98,0,53,3.6
134,Kaitangata,NZ,1538872765,-46.28,169.85,47.93,88,100,12.33
135,Sandakan,MY,1538870400,5.84,118.12,84.2,75,83,3.36
136,Mount Gambier,AU,1538872826,-37.83,140.78,63.59,92,87,2.37
137,Chuy,UY,1538873060,-33.69,-53.46,52.88,36,88,11.1
138,Chokurdakh,RU,1538873064,70.62,147.9,30.02,80,94,6.4
139,Clyde River,CA,1538871060,70.47,-68.59,28.4,90,92,32.21
140,Sajanan,TN,1538870400,37.06,9.24,62.6,56,93,4.7
141,Saint-Augustin,FR,1538872200,44.83,-0.61,55.4,75,93,10.29
142,Kavaratti,IN,1538873079,10.57,72.64,80.24,56,100,4.61
143,Sattahip,TH,1538872200,12.67,100.9,78.8,20,88,2.24
144,Lengshuijiang,CN,1538873086,27.66,111.45,59.63,8,69,2.71
145,Pevek,RU,1538873089,69.7,170.27,37.22,68,100,0.69
146,Slave Lake,CA,1538870400,55.28,-114.77,37.4,90,86,2.24
147,Carnarvon,ZA,1538873095,-30.97,22.13,47.75,0,21,3.71
148,Kamenka,RU,1538873099,53.19,44.05,48.56,8,90,14.34
149,Teya,MX,1538869440,21.05,-89.07,82.4,75,78,16.11
150,Natal,BR,1538870400,-5.81,-35.21,80.6,40,74,13.87
151,Karachi,PK,1538870100,24.87,67.03,73.4,0,60,10.42
152,Okha,RU,1538873111,53.59,142.95,47.93,0,74,10.2
153,Viesca,MX,1538869680,25.34,-102.81,87.8,75,35,3.6
154,Cape Town,ZA,1538870400,-33.93,18.42,64.4,0,77,17.22
155,Ucluelet,CA,1538870400,48.94,-125.55,53.6,90,81,2.24
156,Sinnar,IN,1538873124,19.85,74.0,66.02,20,88,3.71
157,Balkhash,KZ,1538873127,46.84,74.98,48.2,0,100,2.93
158,Te Anau,NZ,1538873130,-45.41,167.72,47.3,56,95,2.93
159,Castro,CL,1538873133,-42.48,-73.76,47.03,92,89,9.42
160,Brae,GB,1538871600,60.4,-1.35,46.4,56,80,12.75
161,Cockburn Town,TC,1538873113,21.46,-71.14,79.34,56,100,16.58
162,Horni Benesov,CZ,1538872200,49.97,17.6,55.4,0,71,8.05
163,Norman Wells,CA,1538870400,65.28,-126.83,28.4,75,68,11.41
164,Khani,GE,1538870400,41.96,42.96,62.6,0,45,29.97
165,Zatyshshya,UA,1538873152,47.33,29.87,44.6,0,89,6.17
166,Hasaki,JP,1538870400,35.73,140.83,82.4,20,69,16.11
167,Los Llanos de Aridane,ES,1538872200,28.66,-17.92,73.4,12,83,9.17
168,Srandakan,ID,1538873162,-7.94,110.25,73.94,24,87,3.49
169,Bambous Virieux,MU,1538873165,-20.34,57.76,68.09,0,95,5.73
170,Hualmay,PE,1538873168,-11.1,-77.61,62.96,24,84,4.27
171,Sao Francisco,BR,1538871600,-25.65,-53.85,66.2,75,93,11.41
172,Pskov,RU,1538870400,57.82,28.33,42.8,44,100,2.24
173,Sao Filipe,CV,1538873178,14.9,-24.5,80.42,0,94,8.63
174,Matata,NZ,1538873181,-37.89,176.76,58.28,24,100,8.41
175,Yulara,AU,1538870400,-25.24,130.99,86.0,8,30,5.82
176,Kendari,ID,1538873187,-3.99,122.52,79.88,48,79,2.82
177,Batagay,RU,1538873194,67.65,134.64,24.17,76,80,4.83
178,Khatanga,RU,1538873197,71.98,102.47,33.8,92,95,3.38
179,Egvekinot,RU,1538873200,66.32,-179.17,38.57,92,98,5.61
180,Taguatinga,BR,1538870400,-15.83,-48.06,69.8,0,94,4.7
181,Noormarkku,FI,1538871600,61.59,21.87,35.6,0,93,7.63
182,Tekeli,KZ,1538873209,44.86,78.76,40.1,44,74,2.37
183,Gazojak,TM,1538873219,41.19,61.4,42.08,0,94,3.04
184,Ellenabad,IN,1538873222,29.45,74.66,65.66,0,58,2.71
185,Lincoln,GB,1538871600,53.23,-0.54,42.8,0,87,8.05
186,Ancud,CL,1538873232,-41.87,-73.83,48.02,92,84,7.18
187,Aklavik,CA,1538870400,68.22,-135.01,28.4,20,58,10.29
188,Freeport,BS,1538873238,26.54,-78.7,83.48,12,91,16.24
189,Lithakia,GR,1538871600,37.72,20.83,59.0,0,93,4.16
190,Malinovoye Ozero,RU,1538873247,51.68,79.77,44.42,0,57,8.52
191,Mount Isa,AU,1538872200,-20.73,139.49,89.6,0,15,9.17
192,Codrington,AU,1538873254,-28.95,153.24,66.38,24,88,3.49
193,Vao,EE,1538873257,59.1,26.19,44.69,92,90,4.16
194,Dingle,PH,1538873001,11.0,122.67,79.79,12,95,6.17
195,Amahai,ID,1538873266,-3.31,129.0,80.15,36,100,6.4
196,Marfino,RU,1538870400,56.07,37.56,48.2,0,87,13.42
197,Ola,RU,1538870400,59.58,151.3,41.0,20,41,11.18
198,Sorland,NO,1538868000,67.67,12.69,39.2,75,100,8.05
199,Pangnirtung,CA,1538873279,66.15,-65.72,20.12,12,89,11.21
200,Kodinsk,RU,1538873264,58.6,99.18,27.86,0,82,2.37
201,Aykhal,RU,1538873288,65.95,111.51,33.08,88,95,8.52
202,Peniche,PT,1538872200,39.36,-9.38,59.0,0,82,10.29
203,Chernyshevskiy,RU,1538873295,63.01,112.47,24.62,24,86,5.06
204,Kavieng,PG,1538873298,-2.57,150.8,84.65,64,100,9.64
205,Nizhnyaya Tavda,RU,1538873019,57.67,66.17,42.8,92,96,17.47
206,Byron Bay,AU,1538872200,-28.65,153.62,71.6,75,60,12.75
207,Brownsville,US,1538869980,25.91,-97.49,86.0,1,65,12.75
208,Rio Gallegos,AR,1538870400,-51.62,-69.22,50.0,0,39,12.75
209,Matara,PE,1538873314,-13.74,-72.9,46.13,0,70,1.92
210,Plettenberg Bay,ZA,1538873317,-34.05,23.37,63.5,76,100,13.56
211,Hithadhoo,MV,1538873237,-0.6,73.08,82.04,56,100,19.6
212,Binzhou,CN,1538873323,37.38,117.96,60.44,56,51,3.6
213,Atar,MR,1538873330,20.52,-13.05,82.13,0,29,4.72
214,Inuvik,CA,1538870400,68.36,-133.71,28.4,20,58,10.29
215,Kenai,US,1538870160,60.55,-151.26,55.04,90,63,6.73
216,Pacific Grove,US,1538872500,36.62,-121.92,71.96,1,56,11.41
217,Mackenzie,CA,1538870400,55.34,-123.09,51.8,75,43,4.7
218,Saint Anthony,US,1538871600,43.97,-111.68,46.94,90,73,3.36
219,Kunyang,CN,1538873352,27.66,120.56,68.81,0,100,5.95
220,Sao Jose da Coroa Grande,BR,1538873254,-8.9,-35.15,75.47,92,87,6.85
221,Caucaia,BR,1538870400,-3.73,-38.66,80.6,0,74,5.82
222,Huarmey,PE,1538873364,-10.07,-78.15,64.04,24,71,3.15
223,Westport,IE,1538873367,53.8,-9.52,44.69,44,96,12.66
224,Waiouru,NZ,1538873374,-39.48,175.67,54.77,24,79,9.42
225,Dale,CN,1538873377,24.09,109.99,67.28,0,71,2.82
226,Osoyoos,CA,1538870400,49.03,-119.47,64.04,20,54,12.75
227,Dakar,SN,1538870400,14.69,-17.45,82.4,20,88,7.74
228,Barrow,AR,1538873386,-38.31,-60.23,67.55,0,46,18.25
229,Talara,PE,1538873393,-4.58,-81.27,70.43,8,73,7.52
230,Cortland,US,1538871000,42.6,-76.18,71.06,75,93,11.41
231,Tuktoyaktuk,CA,1538870400,69.44,-133.03,24.8,5,68,13.87
232,Mogok,MM,1538873418,22.92,96.51,64.76,92,99,1.36
233,Mbuyapey,PY,1538873421,-26.22,-56.76,66.11,92,81,4.94
234,Buraydah,SA,1538870400,26.33,43.97,75.2,0,31,2.24
235,Comodoro Rivadavia,AR,1538870400,-45.87,-67.48,62.6,0,33,14.99
236,Sindor,RU,1538873430,62.87,51.9,36.05,76,97,4.72
237,Tecoanapa,MX,1538869380,16.99,-99.26,86.0,75,74,5.82
238,Karasjok,NO,1538871600,69.47,25.52,28.4,20,86,21.92
239,Maryville,US,1538872500,40.35,-94.87,50.0,90,93,9.17
240,Assiniboia,CA,1538873452,49.63,-105.99,43.43,76,73,5.17
241,Oktyabrskoye,RU,1538873455,56.73,85.44,37.13,0,84,4.38
242,Tornio,FI,1538871600,61.12,27.27,41.0,0,93,3.36
243,Mecca,SA,1538873462,21.43,39.83,69.35,0,72,2.59
244,Tocopilla,CL,1538873465,-22.09,-70.2,62.96,76,88,3.38
245,Fortuna,ES,1538872200,38.18,-1.13,66.2,0,88,2.24
246,Owando,CG,1538873471,-0.49,15.91,70.7,88,97,2.15
247,Portland,US,1538870160,45.52,-122.67,62.96,40,53,11.41
248,General Pico,AR,1538873477,-35.66,-63.75,71.42,0,41,16.13
249,Half Moon Bay,US,1538870160,37.46,-122.43,80.96,20,61,26.4
250,Dalby,AU,1538870400,-27.18,151.26,68.0,75,64,10.29
251,Honiara,SB,1538870400,-9.43,159.96,82.4,75,78,9.17
252,Tual,ID,1538873490,-5.67,132.75,80.15,0,99,7.29
253,Sitka,US,1538873493,37.17,-99.65,48.56,92,100,7.4
254,Port Macquarie,AU,1538870400,-31.43,152.91,66.2,40,63,11.41
255,Milan,IT,1538871600,45.47,9.19,59.0,20,100,3.36
256,Yenagoa,NG,1538873512,4.92,6.26,75.02,92,95,3.27
257,New Ulm,US,1538871300,44.31,-94.46,44.78,90,65,5.82
258,Fairbanks,US,1538870280,64.84,-147.72,50.0,90,10,3.36
259,Alberton,ZA,1538870400,-26.25,28.13,62.6,0,36,2.71
260,Imbituba,BR,1538870400,-28.24,-48.67,62.6,75,82,2.24
261,Marienburg,DE,1538871600,52.12,9.98,57.2,0,87,8.05
262,Hovd,NO,1538871600,63.83,10.7,39.2,40,100,3.36
263,Kruisfontein,ZA,1538873544,-34.0,24.73,63.95,76,97,11.32
264,Bambanglipuro,ID,1538873547,-7.95,110.28,73.94,24,87,3.49
265,Agucadoura,PT,1538872200,41.43,-8.78,55.4,0,71,11.41
266,Noumea,NC,1538872200,-22.28,166.46,78.8,0,54,9.17
267,Sinnamary,GF,1538873279,5.38,-52.96,81.68,0,94,10.09
268,Ixtapa,MX,1538871180,20.71,-105.21,86.0,90,79,5.82
269,Jamai,IN,1538873567,22.2,78.55,62.96,0,84,2.48
270,Teeswater,CA,1538873570,44.0,-81.29,61.25,88,100,11.21
271,Rio Grande,BR,1538873574,-32.03,-52.1,59.27,0,91,13.78
272,Adrar,DZ,1538870400,27.87,-0.29,73.4,0,49,4.7
273,Katete,UG,1538873580,-0.78,29.75,61.34,20,89,2.15
274,Sobolevo,RU,1538873584,54.43,31.9,45.86,0,82,12.44
275,Jenbach,AT,1538871600,47.39,11.77,55.4,75,76,2.24
276,Newport,GB,1538871600,51.59,-3.0,44.6,0,93,9.17
277,San Juan,PH,1538870400,14.6,121.03,84.2,40,89,3.94
278,Aksu,KZ,1538870400,52.04,76.93,37.4,20,68,6.71
279,Talaya,RU,1538873604,55.79,84.89,37.76,0,72,6.17
280,Ambulu,ID,1538873607,-8.35,113.61,75.65,64,97,3.38
281,Bouloupari,NC,1538872200,-21.87,166.05,78.8,0,54,9.17
282,Oksfjord,NO,1538871600,70.24,22.35,35.6,92,93,19.46
283,Komsomolskiy,RU,1538873616,67.55,63.78,34.52,80,100,5.28
284,San Juan del Rio,MX,1538869200,20.39,-99.99,73.4,75,46,8.05
285,Luanda,AO,1538870400,-8.83,13.24,75.2,75,83,10.29
286,Toba,JP,1538870400,34.47,136.83,75.2,75,78,16.11
287,Esmeraldas,BR,1538870400,-19.76,-44.31,68.0,0,77,14.99
288,Sungaipenuh,ID,1538873660,-2.08,101.38,65.84,48,90,1.14
289,Ribeira Grande,PT,1538873663,38.52,-28.7,72.14,56,99,19.6
290,Avera,US,1538872500,33.19,-82.53,82.94,1,73,3.36
291,Khuzdar,PK,1538873669,27.8,66.62,53.42,0,44,2.37
292,Vanavara,RU,1538873672,60.35,102.28,29.93,12,89,4.05
293,Provideniya,RU,1538873675,64.42,-173.23,45.95,92,99,20.83
294,Bowen,AU,1538870400,-20.01,148.25,80.6,75,57,8.05
295,Vacaria,BR,1538873682,-28.51,-50.94,57.02,12,80,9.31
296,Rincon,US,1538872500,32.3,-81.24,78.98,40,82,4.61
297,Manjakandriana,MG,1538872200,-18.92,47.81,57.2,40,93,5.82
298,Mineros,BO,1538870400,-17.12,-63.23,77.0,12,65,5.82
299,Riachao das Neves,BR,1538873694,-11.75,-44.91,78.26,12,46,5.06
300,Porto Novo,BR,1538870400,-23.68,-45.44,60.8,75,100,3.36
301,Quatre Cocos,MU,1538873701,-20.21,57.76,68.09,0,95,5.73
302,Alofi,NU,1538870400,-19.06,-169.92,80.6,56,74,6.93
303,Tateyama,JP,1538871060,36.66,137.31,69.8,75,88,9.17
304,Kurumoch,RU,1538870400,53.49,50.04,46.4,75,87,11.18
305,Saint-Joseph,FR,1538872200,43.56,6.97,64.4,20,93,2.24
306,Ruston,US,1538871300,32.52,-92.64,76.28,1,95,5.39
307,Coahuayana,MX,1538873723,18.62,-100.35,74.21,32,77,1.7
308,Kidal,ML,1538873726,18.44,1.41,79.43,0,22,11.21
309,Mackay,CA,1538870400,53.65,-115.58,50.0,75,49,8.05
310,Murdochville,CA,1538873734,48.96,-65.49,37.31,88,75,3.38
311,Macomer,IT,1538871600,40.26,8.77,59.0,92,100,2.24
312,Marsa Matruh,EG,1538870400,31.35,27.25,71.6,0,83,3.36
313,Gravdal,NO,1538871600,59.79,5.78,41.0,8,80,6.93
314,Hobyo,SO,1538873752,5.35,48.53,76.55,0,85,18.25
315,Peekskill,US,1538870940,41.29,-73.92,66.92,90,96,9.17
316,Honningsvag,NO,1538873765,70.98,25.97,38.75,92,100,14.0
317,Vanimo,PG,1538873768,-2.67,141.3,81.05,20,100,3.49
318,Magdalena,BO,1538873771,-13.26,-64.05,80.06,12,81,2.93
319,Luderitz,NA,1538873775,-26.65,15.16,60.08,32,86,6.73
320,Namibe,AO,1538873778,-15.19,12.15,67.46,88,100,8.08
321,Benito Juarez,MX,1538873781,28.64,-111.57,88.88,0,25,9.75
322,Krasne,UA,1538870400,49.91,24.61,46.4,0,93,5.39
323,Pokaran,IN,1538873788,26.93,71.92,68.18,0,44,2.15
324,San Andres,PH,1538873791,13.32,122.68,81.41,44,100,2.93
325,Pimentel,BR,1538873725,-3.7,-45.5,77.54,12,89,4.27
326,High Level,CA,1538870400,58.52,-117.13,28.4,90,68,3.38
327,Maamba,ZM,1538873801,-17.36,27.22,62.24,0,52,4.27
328,Alta Floresta,BR,1538873804,-9.87,-56.08,77.9,8,91,2.37
329,Salisbury,GB,1538870160,51.07,-1.8,46.4,0,81,17.22
330,Tanete,ID,1538873810,-3.94,119.78,83.57,76,69,7.18
331,San Cristobal,EC,1538870400,-0.39,-78.55,51.8,75,93,2.24
332,Winnemucca,US,1538870160,40.97,-117.74,55.04,90,54,19.46
333,Ambilobe,MG,1538873715,-13.19,49.05,62.15,8,84,2.71
334,Ambunti,PG,1538873710,-4.22,142.82,79.25,76,93,2.71
335,Oum Hadjer,TD,1538873826,13.3,19.7,73.22,8,69,2.71
336,Yar-Sale,RU,1538873829,66.83,70.83,44.42,92,100,9.98
337,Svetlaya,RU,1538873832,46.54,138.33,56.03,100,100,17.36
338,Narsaq,GL,1538869800,60.91,-46.05,33.8,24,64,9.17
339,Leningradskiy,RU,1538873839,69.38,178.42,36.59,92,96,10.87
340,Esna,RO,1538873842,45.2,27.57,46.31,0,91,3.6
341,Radishchevo,RU,1538873845,52.85,47.87,47.21,48,99,11.77
342,Ahipara,NZ,1538873697,-35.17,173.16,64.67,12,70,6.06
343,Maniitsoq,GL,1538873851,65.42,-52.9,31.1,0,88,10.76
344,Talnakh,RU,1538873854,69.49,88.39,46.49,48,82,14.45
345,Port Elizabeth,US,1538872140,39.31,-74.98,71.06,75,88,9.17
346,Baherden,TM,1538873861,38.44,57.43,43.79,0,97,2.04
347,Henties Bay,NA,1538873864,-22.12,14.28,59.63,24,95,5.73
348,Lishu,CN,1538873867,43.31,124.32,42.62,0,45,4.94
349,Vila Velha,BR,1538874000,-3.71,-38.6,80.6,40,74,13.87
350,Catalao,BR,1538873874,-18.17,-47.95,68.09,88,92,6.51
351,El Alto,BO,1538870400,-16.5,-68.19,44.6,75,75,6.93
352,Guerrero Negro,MX,1538873880,27.97,-114.04,71.78,0,75,12.1
353,Souillac,FR,1538872200,45.6,-0.6,55.4,90,93,18.34
354,Vostok,RU,1538873887,46.45,135.83,48.02,92,88,2.26
355,Port-Gentil,GA,1538873662,-0.72,8.78,77.72,76,98,6.62
356,Hay River,CA,1538870400,60.82,-115.79,32.0,75,56,6.93
357,Kourou,GF,1538872200,5.16,-52.64,77.0,0,100,10.09
358,Mumford,GH,1538873900,5.26,-0.76,75.2,24,95,4.61
359,Yangshe,CN,1538873903,31.89,120.61,67.28,64,89,8.75
360,San Luis,AR,1538873906,-33.3,-66.34,72.86,0,28,10.2
361,Xanten,DE,1538871900,51.66,6.45,59.0,90,93,11.41
362,Erzin,TR,1538871600,36.95,36.2,60.8,0,63,8.05
363,Cairns,AU,1538872200,-16.92,145.77,80.6,20,65,9.17
364,Dikson,RU,1538873771,73.51,80.55,37.04,20,100,12.55
365,Udachnyy,RU,1538873925,66.42,112.4,34.79,92,97,5.61
366,Hibbing,US,1538873100,47.43,-92.94,41.0,90,79,5.82
367,Victoria,BN,1538872200,5.28,115.24,86.0,75,74,4.7
368,Ciparay,ID,1538873935,-6.71,106.36,72.68,24,97,3.83
369,Tiksi,RU,1538873891,71.64,128.87,28.22,92,90,17.81
370,Malibu,US,1538872500,33.61,-84.48,79.34,1,76,4.72
371,Ilulissat,GL,1538869800,69.22,-51.1,30.2,8,63,2.24
372,Yangambi,CD,1538873951,0.77,24.47,71.69,24,100,3.15
373,Dunedin,NZ,1538873697,-45.87,170.5,49.28,88,82,11.99
374,Nizwa,OM,1538873957,22.93,57.53,64.22,0,47,4.5
375,Laiyang,CN,1538873960,36.98,120.7,62.78,80,42,5.84
376,Ketchikan,US,1538870160,55.34,-131.65,53.06,90,85,8.05
377,Sri Aman,MY,1538870400,1.24,111.46,77.0,75,94,2.82
378,Ozernovskiy,RU,1538873956,51.5,156.52,45.68,88,87,15.12
379,Ouidah,BJ,1538870400,6.37,2.09,80.6,40,88,8.05
380,Bilibino,RU,1538873982,68.06,166.44,31.28,80,84,2.93
381,Juba,EE,1538869800,57.82,26.93,51.8,36,87,6.73
382,Redmond,US,1538871300,47.67,-122.12,59.0,20,59,4.7
383,Potiskum,NG,1538873992,11.71,11.08,75.83,8,69,11.65
384,Jensen Beach,US,1538872500,27.25,-80.23,82.94,1,88,11.77
385,Hearst,CA,1538873839,49.69,-83.67,37.94,92,90,4.61
386,Usinsk,RU,1538873850,66.0,57.56,31.55,36,94,7.85
387,Hirara,JP,1538870400,24.8,125.28,80.6,40,88,10.29
388,Itarema,BR,1538874074,-2.92,-39.92,77.81,8,75,14.0
389,Thohoyandou,ZA,1538874078,-22.97,30.46,49.46,0,80,2.93
390,Kovur,IN,1538874020,14.5,79.99,68.9,0,89,3.04
391,Pontes e Lacerda,BR,1538874024,-15.23,-59.33,73.4,20,95,2.93
392,Dudinka,RU,1538874091,69.41,86.18,46.22,48,92,14.79
393,Tailai,CN,1538874031,46.39,123.41,43.79,0,52,8.75
394,Inhambane,MZ,1538874034,-23.87,35.38,65.93,0,100,10.2
395,Trairi,BR,1538874037,-3.28,-39.27,79.52,76,100,18.03
396,Maceio,BR,1538874000,-9.67,-35.74,71.6,20,88,2.24
397,Padang,ID,1538874053,-0.92,100.36,80.69,80,100,1.48
398,Talakan,RU,1538874056,50.29,130.28,42.8,32,93,3.83
399,Puli,TW,1538870400,23.97,120.97,73.4,40,78,8.05
400,Sisimiut,GL,1538874066,66.94,-53.67,18.5,64,100,1.59
401,Barinas,VE,1538874069,8.64,-70.23,79.43,24,86,2.71
402,Bugko,PH,1538874072,12.54,124.79,82.94,64,100,5.73
403,Campo Maior,ES,1538874076,39.01,-7.07,57.65,0,66,6.17
404,Grand Forks,US,1538873700,47.91,-97.06,35.96,90,15,5.82
405,Bonavista,CA,1538874083,48.65,-53.11,45.23,0,100,9.98
406,San Vicente,SV,1538873400,13.64,-88.78,75.2,40,94,3.36
407,Gondar,PT,1538872200,41.82,-8.78,53.6,0,81,10.29
408,Sumenep,ID,1538874093,-7.02,113.87,81.95,0,93,10.42
409,Monroe,US,1538873340,41.91,-83.4,71.96,40,96,6.93
410,Dwarka,IN,1538870400,28.58,77.04,69.8,0,88,2.71
411,Saint-Imier,CH,1538872200,47.15,7.0,55.4,20,66,11.41
412,Klyuchi,RU,1538874109,52.25,79.17,44.78,0,56,10.42
413,Konstantinovka,MD,1538874112,47.99,28.86,49.64,0,81,11.21
414,Seymchan,RU,1538874116,62.93,152.39,28.58,88,86,11.32
415,Beringovskiy,RU,1538874119,63.05,179.32,45.68,92,100,20.6
416,Bilma,NE,1538873902,18.69,12.92,69.8,0,24,3.38
417,Grindavik,IS,1538870400,63.84,-22.43,39.2,75,86,9.17
418,Beloha,MG,1538874131,-25.17,45.06,60.98,0,88,3.94
419,Koygorodok,RU,1538874135,60.44,51.01,38.12,92,100,6.4
420,Camacha,PT,1538872200,33.08,-16.33,71.6,40,83,10.29
421,Luba,PH,1538874141,17.32,120.7,76.46,8,77,3.71
422,Deer Lake,CA,1538870400,49.18,-57.43,33.8,75,86,2.24
423,Carauari,BR,1538874147,-4.88,-66.9,81.23,36,88,2.48
424,Mamallapuram,IN,1538872200,12.63,80.17,78.8,40,94,7.29
425,Srednekolymsk,RU,1538873909,67.46,153.71,31.19,92,86,6.62
426,Lokosovo,RU,1538874157,61.13,74.84,54.68,88,51,12.21
427,Srivardhan,IN,1538873896,18.03,73.02,73.22,0,96,3.15
428,Wajima,JP,1538870400,37.4,136.9,66.2,75,88,9.17
429,Edson,CA,1538870400,53.59,-116.44,50.0,75,43,2.24
430,Broome,GB,1538871600,52.47,1.45,48.2,20,76,6.93
431,Barao de Melgaco,BR,1538874000,-16.19,-55.97,78.8,0,88,6.93
432,Ayagoz,KZ,1538874106,47.96,80.43,33.35,0,73,2.82
433,Takoradi,GH,1538874182,4.89,-1.75,76.46,68,100,2.93
434,Miri,NG,1538874186,10.31,9.75,67.28,56,96,3.6
435,Sao Joao da Barra,BR,1538874189,-21.64,-41.05,70.43,92,100,17.02
436,Lancaster,US,1538873760,40.04,-76.31,71.96,90,84,4.7
437,Xinqing,CN,1538874195,48.28,129.53,44.69,0,77,3.15
438,Palauig,PH,1538874199,15.44,119.9,78.62,0,93,3.15
439,Houma,CN,1538874202,35.63,111.36,53.78,0,57,2.26
440,Puerto Escondido,MX,1538869500,15.86,-97.07,82.4,90,74,9.17
441,Salinopolis,BR,1538873980,-0.61,-47.36,81.32,92,95,14.56
442,Khingansk,RU,1538874211,49.12,131.18,42.89,100,100,3.71
443,Kencong,ID,1538874215,-7.78,112.24,72.95,12,84,5.95
444,Thinadhoo,MV,1538874218,0.53,72.93,82.94,88,100,21.05
445,Tigil,RU,1538874221,57.8,158.67,44.6,80,82,10.76
446,Camacupa,AO,1538874224,-12.02,17.48,64.4,48,81,4.94
447,Mareeba,AU,1538872200,-16.99,145.42,80.6,20,65,9.17
448,Kamogawa,JP,1538872200,35.13,140.08,86.0,20,58,18.34
449,Necochea,AR,1538873948,-38.55,-58.74,64.13,0,53,15.68
450,Sabang,PH,1538874237,13.72,123.58,81.23,56,97,3.04
451,Kieta,PG,1538874240,-6.22,155.63,82.04,48,97,5.95
452,Yakeshi,CN,1538874244,49.28,120.73,34.34,80,95,6.51
453,Iranshahr,IR,1538870400,27.21,60.69,77.0,0,23,4.7
454,Cochrane,CL,1538874253,-47.25,-72.57,43.43,92,80,1.59
455,Anloga,GH,1538870400,5.79,0.9,78.8,20,88,9.17
456,Oliveira do Hospital,PT,1538874259,40.36,-7.86,47.12,0,91,1.92
457,Fianarantsoa,MG,1538874266,-21.45,47.09,48.74,0,87,1.36
458,Vardo,US,1538873220,39.62,-77.74,71.96,90,94,4.72
459,Ilhabela,BR,1538874275,-23.78,-45.36,67.1,92,100,17.47
460,Springbok,ZA,1538874278,-29.67,17.88,57.02,0,46,1.7
461,Coolum Beach,AU,1538874281,-26.53,153.09,63.5,100,100,3.83
462,Ballina,IE,1538874285,54.11,-9.15,38.93,32,100,9.86
463,Lahaina,US,1538872500,20.87,-156.68,91.04,90,88,5.82
464,Palmares,BR,1538874056,-8.68,-35.59,69.62,64,93,4.38
465,Zermatt,CH,1538871600,46.02,7.75,53.6,0,71,2.24
466,Nazas,MX,1538874300,25.22,-104.11,61.34,92,96,3.71
467,Mitsamiouli,KM,1538874306,-11.38,43.28,76.73,12,100,12.33
468,Bay Roberts,CA,1538870400,47.58,-53.28,41.0,5,80,5.82
469,Kedgwick,CA,1538874313,47.65,-67.35,39.83,36,63,4.72
470,Sioux Lookout,CA,1538870400,50.1,-91.92,35.6,75,93,3.36
471,Toamasina,MG,1538870400,-18.17,49.38,68.0,75,94,2.15
472,Rock Springs,US,1538870040,41.59,-109.2,44.96,90,65,13.87
473,Tommot,RU,1538874335,58.97,126.27,28.85,92,77,9.98
474,Stromness,CA,1538873640,42.87,-79.55,73.04,90,81,11.41
475,Coquimbo,CL,1538870400,-29.95,-71.34,51.8,20,93,5.82
476,Tema,GH,1538870400,5.66,-0.01,78.8,20,88,6.93
477,Gao,ML,1538874351,16.28,-0.04,81.05,12,46,2.37
478,Modasa,IN,1538874354,23.47,73.3,74.21,12,71,3.38
479,Karratha,AU,1538874181,-20.74,116.85,77.45,0,33,11.99
480,Seminole,US,1538873700,32.72,-102.64,68.0,40,100,13.87
481,Haines Junction,CA,1538874335,60.75,-137.51,43.25,20,57,2.71
482,Mayumba,GA,1538874367,-3.44,10.65,75.83,80,98,5.39
483,Bojnurd,IR,1538870400,37.47,57.33,50.0,20,81,11.41
484,Rafai,CF,1538874373,4.95,23.92,70.25,88,99,2.71
485,Copperas Cove,US,1538873940,31.12,-97.9,80.6,1,81,6.93
486,Reutte,AT,1538871600,47.49,10.72,55.4,44,82,4.7
487,Pitimbu,BR,1538872080,-7.47,-34.81,75.2,75,94,10.29
488,Polyarnyy,RU,1538872200,69.2,33.45,30.2,75,86,6.71
489,Statesboro,US,1538872500,32.45,-81.78,80.6,40,82,5.95
490,Oistins,BB,1538870400,13.07,-59.53,80.6,40,78,16.11
491,San Patricio,PY,1538874398,-26.98,-56.83,63.41,48,81,3.38
492,Rawson,AR,1538874401,-43.3,-65.11,68.0,76,27,14.79
493,Esperance,TT,1538870400,10.24,-61.45,78.8,40,94,5.82
494,Paamiut,GL,1538874408,61.99,-49.67,39.65,68,94,22.95
495,Ariquemes,BR,1538874411,-9.91,-63.03,78.53,20,86,0.69
496,Japura,ID,1538874414,-0.42,102.29,75.2,88,88,2.04
497,Tabuk,PH,1538874418,17.41,121.44,69.98,88,96,0.92
498,Lefka,GR,1538871600,39.1,22.35,51.8,20,93,4.7
499,College,US,1538870280,64.86,-147.8,50.0,90,10,3.36
500,Villarrica,CL,1538874431,-39.28,-72.23,48.83,80,84,2.37
501,Synya,RU,1538874434,65.37,58.04,33.53,92,93,5.39
502,Vigrestad,NO,1538873400,58.57,5.7,42.8,40,81,4.7
503,Bandarbeyla,SO,1538874440,9.49,50.81,76.64,0,95,11.21
504,Whitehorse,CA,1538870400,60.72,-135.06,42.8,75,87,2.24
505,Qeshm,IR,1538870400,26.96,56.27,78.8,0,88,4.7
506,Umm Lajj,SA,1538874450,25.02,37.27,76.1,0,100,5.06
507,Pangkalanbuun,ID,1538874456,-2.68,111.62,73.49,92,100,4.5
508,Nantucket,US,1538872500,41.28,-70.1,60.08,90,72,5.82
509,Laguna,MX,1538869320,27.52,-110.01,89.6,5,40,5.82
510,Bulgan,MN,1538874466,48.81,103.53,22.73,0,79,6.51
511,Vasylivka,UA,1538870400,47.44,35.28,41.0,0,86,4.47
512,Verkhoyansk,RU,1538874475,67.55,133.39,24.8,68,77,5.06
513,Pasighat,IN,1538874478,28.06,95.33,66.65,88,63,1.7
514,Mitu,IR,1538874482,36.2,46.09,45.05,64,72,4.05
515,Bud,NO,1538873400,62.91,6.91,42.8,68,100,5.82
516,Strelka,RU,1538874488,58.08,93.03,40.55,0,91,6.73
517,Dzhebariki-Khaya,RU,1538874491,62.22,135.8,26.24,0,81,3.49
518,Sao Felix do Xingu,BR,1538874494,-6.64,-51.99,76.64,8,88,2.59
519,Cubuk,TR,1538871600,40.24,33.03,46.4,0,70,10.29
520,Saint Marys,US,1538873820,41.43,-78.56,68.0,20,100,3.36
521,Dicabisagan,PH,1538874510,17.08,122.42,77.0,68,100,3.38
522,Nadym,RU,1538874514,65.53,72.51,44.42,80,90,11.43
523,Maryborough,AU,1538874517,-25.54,152.7,68.27,36,82,2.71
524,Shizunai,JP,1538874413,42.33,142.37,58.1,100,99,13.67
525,Cururupu,BR,1538874524,-1.82,-44.87,80.6,64,75,8.41
526,Trat,TH,1538874000,12.25,102.51,80.6,40,94,4.7
527,Ulaanbaatar,MN,1538874000,47.92,106.92,30.2,75,86,6.71
528,Miami Lakes,US,1538870160,25.91,-80.31,82.94,1,72,8.05
529,Kamina,CD,1538874539,-8.74,25.0,69.53,44,79,5.17
530,Muisne,EC,1538874543,0.61,-80.02,75.47,0,80,3.71
531,Praya,ID,1538874000,-8.71,116.27,86.0,40,62,11.41
532,Flagstaff,US,1538872500,35.2,-111.65,62.6,90,51,18.34
533,Uvira,CD,1538874552,-3.41,29.14,59.09,20,100,3.27
534,Kununurra,AU,1538872200,-15.77,128.74,91.4,0,41,9.17
535,Vestmannaeyjar,IS,1538874324,63.44,-20.27,43.16,92,100,15.79
536,Caravelas,BR,1538874561,-17.73,-39.27,77.09,68,100,12.21
537,Aksarka,RU,1538874517,66.56,67.8,41.18,92,99,4.72
538,Qaqortoq,GL,1538873400,60.72,-46.03,32.0,68,95,4.7
539,Anstruther,GB,1538873400,56.22,-2.7,39.2,0,86,9.17
540,Emba,CY,1538874000,34.81,32.42,68.0,0,60,8.05
541,Road Town,VG,1538870400,18.42,-64.62,80.96,20,83,5.82
542,Impfondo,CD,1538874583,1.62,18.06,68.36,92,100,1.92
